,From country,To country,Jury A,Jury B,Jury C,Jury D,Jury E,Jury Rank,Televote Rank,Jury Points,Televote Points
0,Albania,Belgium,20,16,24,22,24,25,14,,
1,Albania,Czech Republic,21,15,25,23,16,22,22,,
2,Albania,The Netherlands,22,14,23,24,21,24,24,,
3,Albania,Azerbaijan,19,12,11,21,11,13,19,,
4,Albania,Hungary,8,13,9,14,9,10,10,1.0,1.0
5,Albania,Italy,4,10,3,7,2,3,2,8.0,10.0
6,Albania,Israel,10,2,18,4,12,8,17,3.0,
7,Albania,Bulgaria,11,3,6,13,6,7,3,4.0,8.0
8,Albania,Sweden,16,8,15,6,15,11,8,,3.0
9,Albania,Germany,18,17,20,11,17,18,15,,
10,Albania,France,3,9,1,9,1,2,11,10.0,
11,Albania,Poland,14,7,13,20,22,14,6,,5.0
12,Albania,Australia,1,1,2,1,3,1,1,12.0,12.0
13,Albania,Cyprus,25,11,21,25,20,23,12,,
14,Albania,Serbia,15,26,12,15,19,19,26,,
15,Albania,Lithuania,13,18,22,17,23,20,7,,4.0
16,Albania,Croatia,24,19,16,18,18,21,20,,
17,Albania,Russia,7,4,7,5,7,4,4,7.0,7.0
18,Albania,Spain,9,5,4,12,4,5,23,6.0,
19,Albania,Latvia,23,20,17,8,13,17,21,,
20,Albania,Ukraine,17,25,8,2,8,12,5,,6.0
21,Albania,Malta,5,21,5,16,5,9,16,2.0,
22,Albania,Georgia,26,22,26,26,26,26,25,,
23,Albania,Austria,6,23,19,19,14,16,13,,
24,Albania,United Kingdom,2,6,10,10,10,6,18,5.0,
25,Albania,Armenia,12,24,14,3,25,15,9,,2.0
26,Armenia,Belgium,12,6,9,6,6,7,17,4.0,
27,Armenia,Czech Republic,13,14,12,8,9,10,18,1.0,
28,Armenia,The Netherlands,11,12,14,16,10,11,11,,
29,Armenia,Azerbaijan,25,25,25,19,25,25,25,,
30,Armenia,Hungary,23,22,10,22,11,18,8,,3.0
31,Armenia,Italy,14,13,19,25,20,20,14,,
32,Armenia,Israel,20,24,22,17,24,24,24,,
33,Armenia,Bulgaria,4,4,5,5,4,4,15,7.0,
34,Armenia,Sweden,21,8,18,21,18,17,9,,2.0
35,Armenia,Germany,22,23,20,18,15,21,19,,
36,Armenia,France,1,1,1,1,1,1,4,12.0,7.0
37,Armenia,Poland,24,10,24,24,22,23,10,,1.0
38,Armenia,Australia,6,9,6,9,8,6,12,5.0,
39,Armenia,Cyprus,10,3,4,3,5,5,5,6.0,6.0
40,Armenia,Serbia,9,21,11,11,14,12,23,,
41,Armenia,Lithuania,16,15,16,10,19,14,21,,
42,Armenia,Croatia,15,19,17,13,17,15,22,,
43,Armenia,Russia,5,17,7,7,16,9,1,2.0,12.0
44,Armenia,Spain,8,7,8,12,7,8,13,3.0,
45,Armenia,Latvia,17,11,13,15,12,13,16,,
46,Armenia,Ukraine,7,20,21,14,23,16,2,,10.0
47,Armenia,Malta,3,5,3,4,3,3,6,8.0,5.0
48,Armenia,Georgia,2,2,2,2,2,2,3,10.0,8.0
49,Armenia,Austria,18,16,23,20,21,22,7,,4.0
50,Armenia,United Kingdom,19,18,15,23,13,19,20,,
51,Australia,Belgium,1,2,1,1,1,1,1,12.0,12.0
52,Australia,Czech Republic,18,23,4,14,22,16,25,,
53,Australia,The Netherlands,10,14,11,4,10,8,16,3.0,
54,Australia,Azerbaijan,7,20,15,15,11,12,22,,
55,Australia,Hungary,22,6,10,24,23,19,19,,
56,Australia,Italy,11,16,24,16,16,17,23,,
57,Australia,Israel,4,3,3,2,2,2,14,10.0,
58,Australia,Bulgaria,2,1,7,3,3,3,2,8.0,10.0
59,Australia,Sweden,16,21,22,17,25,23,20,,
60,Australia,Germany,19,12,16,12,17,14,21,,
61,Australia,France,5,7,13,7,5,5,4,6.0,7.0
62,Australia,Poland,25,19,14,25,12,22,15,,
63,Australia,Cyprus,23,18,6,20,21,20,13,,
64,Australia,Serbia,8,17,21,13,7,11,17,,
65,Australia,Lithuania,6,4,5,5,4,4,10,7.0,1.0
66,Australia,Croatia,17,8,8,19,13,10,18,1.0,
67,Australia,Russia,24,13,17,22,8,18,6,,5.0
68,Australia,Spain,3,5,18,6,6,6,9,5.0,2.0
69,Australia,Latvia,14,9,25,8,24,15,11,,
70,Australia,Ukraine,13,10,9,9,9,9,3,2.0,8.0
71,Australia,Malta,15,24,19,18,14,21,5,,6.0
72,Australia,Georgia,21,25,20,21,18,25,24,,
73,Australia,Austria,20,15,23,23,20,24,8,,3.0
74,Australia,United Kingdom,9,11,2,11,15,7,7,4.0,4.0
75,Australia,Armenia,12,22,12,10,19,13,12,,
76,Austria,Belgium,1,12,10,6,9,6,14,5.0,
77,Austria,Czech Republic,12,7,7,9,7,7,23,4.0,
78,Austria,The Netherlands,9,11,11,7,16,11,5,,6.0
79,Austria,Azerbaijan,23,17,9,8,5,12,24,,
80,Austria,Hungary,14,16,17,25,19,19,11,,
81,Austria,Italy,22,18,13,11,22,17,13,,
82,Austria,Israel,10,14,12,12,15,13,17,,
83,Austria,Bulgaria,6,10,14,17,20,14,6,,5.0
84,Austria,Sweden,3,5,4,10,4,3,4,8.0,7.0
85,Austria,Germany,17,21,24,19,18,23,9,,2.0
86,Austria,France,5,3,3,18,3,4,10,7.0,1.0
87,Austria,Poland,20,25,25,23,25,25,1,,12.0
88,Austria,Australia,2,1,1,1,2,1,8,12.0,3.0
89,Austria,Cyprus,24,19,21,20,21,24,16,,
90,Austria,Serbia,13,13,23,24,24,22,7,,4.0
91,Austria,Lithuania,16,6,6,16,10,10,20,1.0,
92,Austria,Croatia,8,9,5,5,8,5,19,6.0,
93,Austria,Russia,21,8,8,4,6,8,3,3.0,8.0
94,Austria,Spain,19,20,20,3,11,15,15,,
95,Austria,Latvia,18,24,19,22,13,21,18,,
96,Austria,Ukraine,15,15,16,13,23,16,2,,10.0
97,Austria,Malta,11,2,2,2,1,2,25,10.0,
98,Austria,Georgia,25,23,15,14,17,20,21,,
99,Austria,United Kingdom,7,22,22,21,14,18,22,,
100,Austria,Armenia,4,4,18,15,12,9,12,2.0,
101,Azerbaijan,Belgium,17,11,23,23,23,22,16,,
102,Azerbaijan,Czech Republic,10,23,14,18,10,16,20,,
103,Azerbaijan,The Netherlands,4,14,21,11,16,13,19,,
104,Azerbaijan,Hungary,3,22,8,6,3,7,4,4.0,7.0
105,Azerbaijan,Italy,13,21,19,19,21,21,13,,
106,Azerbaijan,Israel,6,6,4,7,20,8,5,3.0,6.0
107,Azerbaijan,Bulgaria,7,2,6,5,9,3,3,8.0,8.0
108,Azerbaijan,Sweden,23,16,18,16,17,20,12,,
109,Azerbaijan,Germany,20,19,17,24,22,23,22,,
110,Azerbaijan,France,12,9,5,20,18,12,7,,4.0
111,Azerbaijan,Poland,14,4,11,10,6,9,8,2.0,3.0
112,Azerbaijan,Australia,11,7,3,8,5,4,9,7.0,2.0
113,Azerbaijan,Cyprus,16,20,22,12,19,19,17,,
114,Azerbaijan,Serbia,21,15,10,21,15,18,24,,
115,Azerbaijan,Lithuania,8,12,7,9,4,6,18,5.0,
116,Azerbaijan,Croatia,9,8,20,14,8,11,21,,
117,Azerbaijan,Russia,1,1,1,1,1,1,1,12.0,12.0
118,Azerbaijan,Spain,15,10,12,15,7,10,15,1.0,
119,Azerbaijan,Latvia,22,13,15,17,13,17,14,,
120,Azerbaijan,Ukraine,2,3,2,2,2,2,2,10.0,10.0
121,Azerbaijan,Malta,5,5,9,3,14,5,6,6.0,5.0
122,Azerbaijan,Georgia,24,24,24,22,24,24,10,,1.0
123,Azerbaijan,Austria,18,18,13,13,11,15,11,,
124,Azerbaijan,United Kingdom,19,17,16,4,12,14,23,,
125,Azerbaijan,Armenia,25,25,25,25,25,25,25,,
126,Belarus,Belgium,10,7,7,4,9,7,18,4.0,
127,Belarus,Czech Republic,22,24,17,16,19,20,25,,
128,Belarus,The Netherlands,12,11,6,12,18,11,21,,
129,Belarus,Azerbaijan,13,12,12,11,8,9,3,2.0,8.0
130,Belarus,Hungary,7,25,18,6,10,13,8,,3.0
131,Belarus,Italy,23,10,23,24,17,19,19,,
132,Belarus,Israel,11,23,22,13,12,16,16,,
133,Belarus,Bulgaria,8,9,13,17,11,10,7,1.0,4.0
134,Belarus,Sweden,3,3,3,5,3,3,9,8.0,2.0
135,Belarus,Germany,25,19,24,19,21,23,20,,
136,Belarus,France,19,20,19,20,14,18,14,,
137,Belarus,Poland,16,21,5,9,22,14,5,,6.0
138,Belarus,Australia,9,4,8,2,7,5,10,6.0,1.0
139,Belarus,Cyprus,14,15,14,22,23,17,11,,
140,Belarus,Serbia,20,22,21,21,16,22,24,,
141,Belarus,Lithuania,2,8,1,1,4,2,12,10.0,
142,Belarus,Croatia,17,16,26,14,25,21,23,,
143,Belarus,Russia,1,1,2,3,2,1,1,12.0,12.0
144,Belarus,Spain,15,5,10,18,15,12,17,,
145,Belarus,Latvia,21,17,25,23,24,24,6,,5.0
146,Belarus,Ukraine,4,6,4,7,1,4,2,7.0,10.0
147,Belarus,Malta,6,2,9,8,6,6,22,5.0,
148,Belarus,Georgia,18,18,11,15,13,15,15,,
149,Belarus,Austria,26,13,20,26,26,26,13,,
150,Belarus,United Kingdom,24,26,15,25,20,25,26,,
151,Belarus,Armenia,5,14,16,10,5,8,4,3.0,7.0
152,Belgium,Czech Republic,13,14,8,8,9,10,23,1.0,
153,Belgium,The Netherlands,3,4,13,7,10,7,2,4.0,10.0
154,Belgium,Azerbaijan,24,18,24,19,20,24,22,,
155,Belgium,Hungary,22,25,21,14,11,20,19,,
156,Belgium,Italy,2,6,5,1,3,2,13,10.0,
157,Belgium,Israel,6,8,15,15,7,9,17,2.0,
158,Belgium,Bulgaria,5,7,10,6,8,5,6,6.0,5.0
159,Belgium,Sweden,25,16,19,20,24,23,10,,1.0
160,Belgium,Germany,16,17,9,21,12,14,21,,
161,Belgium,France,4,1,1,12,16,3,3,8.0,8.0
162,Belgium,Poland,18,13,25,16,19,19,1,,12.0
163,Belgium,Australia,1,2,2,3,1,1,7,12.0,4.0
164,Belgium,Cyprus,17,20,11,22,14,18,14,,
165,Belgium,Serbia,14,12,20,23,13,16,24,,
166,Belgium,Lithuania,7,21,16,17,18,15,12,,
167,Belgium,Croatia,19,22,18,9,15,17,25,,
168,Belgium,Russia,15,5,7,10,17,11,5,,6.0
169,Belgium,Spain,8,11,6,24,6,12,11,,
170,Belgium,Latvia,21,19,22,11,25,22,16,,
171,Belgium,Ukraine,20,10,4,5,2,8,9,3.0,2.0
172,Belgium,Malta,10,24,17,25,21,21,15,,
173,Belgium,Georgia,12,3,14,2,5,4,20,7.0,
174,Belgium,Austria,11,15,3,4,4,6,8,5.0,3.0
175,Belgium,United Kingdom,9,9,12,13,22,13,18,,
176,Belgium,Armenia,23,23,23,18,23,25,4,,7.0
177,Bosnia & Herzegovina,Belgium,14,16,12,6,17,12,15,,
178,Bosnia & Herzegovina,Czech Republic,3,6,8,4,5,5,20,6.0,
179,Bosnia & Herzegovina,The Netherlands,18,17,22,22,22,22,21,,
180,Bosnia & Herzegovina,Azerbaijan,19,5,13,10,15,10,3,1.0,8.0
181,Bosnia & Herzegovina,Hungary,12,19,14,13,13,13,10,,1.0
182,Bosnia & Herzegovina,Italy,22,23,25,23,18,25,18,,
183,Bosnia & Herzegovina,Israel,20,15,26,11,16,18,24,,
184,Bosnia & Herzegovina,Bulgaria,4,12,5,12,11,8,9,3.0,2.0
185,Bosnia & Herzegovina,Sweden,24,20,15,14,20,19,11,,
186,Bosnia & Herzegovina,Germany,25,14,11,15,12,16,16,,
187,Bosnia & Herzegovina,France,7,4,4,8,3,4,7,7.0,4.0
188,Bosnia & Herzegovina,Poland,15,21,16,21,21,20,14,,
189,Bosnia & Herzegovina,Australia,2,1,2,5,2,2,8,10.0,3.0
190,Bosnia & Herzegovina,Cyprus,13,8,17,24,19,17,13,,
191,Bosnia & Herzegovina,Serbia,6,7,3,1,7,3,1,8.0,12.0
192,Bosnia & Herzegovina,Lithuania,26,25,21,9,25,24,23,,
193,Bosnia & Herzegovina,Croatia,9,9,9,3,8,7,2,4.0,10.0
194,Bosnia & Herzegovina,Russia,8,3,10,7,6,6,5,5.0,6.0
195,Bosnia & Herzegovina,Spain,16,18,7,25,9,15,17,,
196,Bosnia & Herzegovina,Latvia,11,22,6,16,10,11,22,,
197,Bosnia & Herzegovina,Ukraine,1,2,1,2,1,1,4,12.0,7.0
198,Bosnia & Herzegovina,Malta,10,11,18,18,14,14,19,,
199,Bosnia & Herzegovina,Georgia,23,24,19,17,23,23,26,,
200,Bosnia & Herzegovina,Austria,21,26,23,26,26,26,6,,5.0
201,Bosnia & Herzegovina,United Kingdom,17,13,24,19,24,21,25,,
202,Bosnia & Herzegovina,Armenia,5,10,20,20,4,9,12,2.0,
203,Bulgaria,Belgium,4,4,1,3,2,2,13,10.0,
204,Bulgaria,Czech Republic,16,22,16,15,12,16,24,,
205,Bulgaria,The Netherlands,17,11,18,5,8,9,23,2.0,
206,Bulgaria,Azerbaijan,18,12,21,22,13,18,10,,1.0
207,Bulgaria,Hungary,23,9,15,24,25,21,16,,
208,Bulgaria,Italy,22,24,22,18,17,24,18,,
209,Bulgaria,Israel,20,8,8,13,15,12,9,,2.0
210,Bulgaria,Sweden,10,17,19,25,22,20,8,,3.0
211,Bulgaria,Germany,24,14,23,21,21,25,22,,
212,Bulgaria,France,15,21,20,20,20,22,12,,
213,Bulgaria,Poland,11,23,12,7,10,11,5,,6.0
214,Bulgaria,Australia,5,3,2,4,1,3,6,8.0,5.0
215,Bulgaria,Cyprus,21,19,24,19,19,23,4,,7.0
216,Bulgaria,Serbia,2,7,4,11,7,6,11,5.0,
217,Bulgaria,Lithuania,12,6,9,17,18,10,15,1.0,
218,Bulgaria,Croatia,19,18,17,16,6,15,25,,
219,Bulgaria,Russia,1,10,5,10,4,5,1,6.0,12.0
220,Bulgaria,Spain,7,16,10,6,11,7,17,4.0,
221,Bulgaria,Latvia,8,13,11,9,23,14,14,,
222,Bulgaria,Ukraine,25,5,7,23,24,17,2,,10.0
223,Bulgaria,Malta,9,2,13,1,5,4,19,7.0,
224,Bulgaria,Georgia,6,20,6,8,16,8,20,3.0,
225,Bulgaria,Austria,13,25,25,14,14,19,7,,4.0
226,Bulgaria,United Kingdom,14,15,14,12,9,13,21,,
227,Bulgaria,Armenia,3,1,3,2,3,1,3,12.0,8.0
228,Croatia,Belgium,6,18,18,15,6,12,18,,
229,Croatia,Czech Republic,18,7,2,1,2,2,20,10.0,
230,Croatia,The Netherlands,1,21,13,21,9,14,15,,
231,Croatia,Azerbaijan,17,9,20,9,20,19,14,,
232,Croatia,Hungary,11,15,12,2,3,6,8,5.0,3.0
233,Croatia,Italy,5,3,5,17,16,8,11,3.0,
234,Croatia,Israel,3,8,6,8,12,4,22,7.0,
235,Croatia,Bulgaria,25,16,19,16,15,20,10,,1.0
236,Croatia,Sweden,10,19,7,19,17,18,4,,7.0
237,Croatia,Germany,14,23,25,25,25,24,16,,
238,Croatia,France,2,4,11,10,7,3,9,8.0,2.0
239,Croatia,Poland,16,10,21,18,5,17,7,,4.0
240,Croatia,Australia,4,6,8,4,1,1,6,12.0,5.0
241,Croatia,Cyprus,9,17,10,11,4,10,13,1.0,
242,Croatia,Serbia,12,11,4,7,14,9,1,2.0,12.0
243,Croatia,Lithuania,8,20,14,14,11,15,23,,
244,Croatia,Russia,19,2,3,6,10,5,3,6.0,8.0
245,Croatia,Spain,22,22,22,20,21,22,19,,
246,Croatia,Latvia,23,5,15,5,8,11,17,,
247,Croatia,Ukraine,24,12,1,12,19,16,2,,10.0
248,Croatia,Malta,7,14,16,13,13,13,24,,
249,Croatia,Georgia,21,25,23,24,24,25,21,,
250,Croatia,Austria,20,13,17,22,22,21,5,,6.0
251,Croatia,United Kingdom,13,24,24,23,23,23,25,,
252,Croatia,Armenia,15,1,9,3,18,7,12,4.0,
253,Cyprus,Belgium,16,19,22,22,18,23,17,,
254,Cyprus,Czech Republic,10,13,19,13,8,11,24,,
255,Cyprus,The Netherlands,23,14,18,23,24,24,20,,
256,Cyprus,Azerbaijan,6,8,16,6,22,9,11,2.0,
257,Cyprus,Hungary,19,7,5,15,6,7,7,4.0,4.0
258,Cyprus,Italy,11,10,12,9,11,8,12,3.0,
259,Cyprus,Israel,7,11,6,4,9,6,15,5.0,
260,Cyprus,Bulgaria,15,12,24,21,12,17,1,,12.0
261,Cyprus,Sweden,13,15,7,16,13,14,10,,1.0
262,Cyprus,Germany,9,21,23,17,20,20,22,,
263,Cyprus,France,14,6,2,5,5,4,5,7.0,6.0
264,Cyprus,Poland,24,24,25,25,25,25,9,,2.0
265,Cyprus,Australia,2,3,3,2,3,2,6,10.0,5.0
266,Cyprus,Serbia,5,16,8,24,10,13,16,,
267,Cyprus,Lithuania,18,17,10,3,17,15,8,,3.0
268,Cyprus,Croatia,3,18,15,11,15,10,25,1.0,
269,Cyprus,Russia,1,1,1,1,1,1,2,12.0,10.0
270,Cyprus,Spain,21,23,9,14,14,16,21,,
271,Cyprus,Latvia,20,5,13,18,7,12,14,,
272,Cyprus,Ukraine,22,4,20,19,19,18,4,,7.0
273,Cyprus,Malta,8,9,4,7,4,5,18,6.0,
274,Cyprus,Georgia,25,22,14,12,21,22,23,,
275,Cyprus,Austria,17,25,21,10,16,19,13,,
276,Cyprus,United Kingdom,12,20,17,20,23,21,19,,
277,Cyprus,Armenia,4,2,11,8,2,3,3,8.0,8.0
278,Czech Republic,Belgium,13,8,6,12,14,9,20,2.0,
279,Czech Republic,The Netherlands,2,6,3,7,6,4,18,7.0,
280,Czech Republic,Azerbaijan,20,12,12,17,16,17,5,,6.0
281,Czech Republic,Hungary,4,2,2,6,2,2,8,10.0,3.0
282,Czech Republic,Italy,9,20,19,8,18,16,22,,
283,Czech Republic,Israel,14,23,17,23,23,21,16,,
284,Czech Republic,Bulgaria,21,7,18,11,11,14,6,,5.0
285,Czech Republic,Sweden,1,1,1,1,1,1,9,12.0,2.0
286,Czech Republic,Germany,24,22,23,16,20,22,19,,
287,Czech Republic,France,7,13,4,5,4,6,11,5.0,
288,Czech Republic,Poland,23,21,21,22,22,23,4,,7.0
289,Czech Republic,Australia,3,10,10,15,17,11,10,,1.0
290,Czech Republic,Cyprus,22,18,25,18,9,19,12,,
291,Czech Republic,Serbia,25,19,16,19,21,20,13,,
292,Czech Republic,Lithuania,8,14,9,10,8,8,15,3.0,
293,Czech Republic,Croatia,5,3,8,2,3,3,25,8.0,
294,Czech Republic,Russia,18,25,24,25,25,25,2,,10.0
295,Czech Republic,Spain,10,17,15,20,10,15,17,,
296,Czech Republic,Latvia,11,11,11,14,7,10,14,1.0,
297,Czech Republic,Ukraine,19,24,22,24,24,24,1,,12.0
298,Czech Republic,Malta,12,4,7,4,5,5,24,6.0,
299,Czech Republic,Georgia,6,9,20,13,15,13,21,,
300,Czech Republic,Austria,16,16,5,9,12,12,7,,4.0
301,Czech Republic,United Kingdom,15,5,13,3,13,7,23,4.0,
302,Czech Republic,Armenia,17,15,14,21,19,18,3,,8.0
303,Denmark,Belgium,3,22,8,8,3,3,3,8.0,8.0
304,Denmark,Czech Republic,17,10,16,19,19,19,25,,
305,Denmark,The Netherlands,2,25,12,6,4,4,4,7.0,7.0
306,Denmark,Azerbaijan,23,14,25,26,13,26,22,,
307,Denmark,Hungary,16,12,21,20,22,24,17,,
308,Denmark,Italy,14,18,13,11,12,12,14,,
309,Denmark,Israel,11,19,2,16,9,9,16,2.0,
310,Denmark,Bulgaria,7,16,4,17,6,5,11,6.0,
311,Denmark,Sweden,5,20,17,10,2,7,1,4.0,12.0
312,Denmark,Germany,20,6,14,24,23,23,19,,
313,Denmark,France,6,23,18,2,20,14,9,,2.0
314,Denmark,Poland,21,17,15,18,26,25,6,,5.0
315,Denmark,Australia,1,26,1,1,1,2,2,10.0,10.0
316,Denmark,Cyprus,26,9,9,21,10,16,18,,
317,Denmark,Serbia,25,5,22,12,14,18,24,,
318,Denmark,Lithuania,13,15,7,7,11,6,5,5.0,6.0
319,Denmark,Croatia,12,3,23,22,25,22,26,,
320,Denmark,Russia,9,24,11,9,15,13,7,,4.0
321,Denmark,Spain,22,21,6,3,8,10,12,1.0,
322,Denmark,Latvia,18,13,19,4,16,15,13,,
323,Denmark,Ukraine,4,2,3,14,5,1,8,12.0,3.0
324,Denmark,Malta,19,8,24,13,17,20,23,,
325,Denmark,Georgia,24,1,10,23,24,21,20,,
326,Denmark,Austria,10,7,26,15,18,17,10,,1.0
327,Denmark,United Kingdom,8,11,5,25,7,8,15,3.0,
328,Denmark,Armenia,15,4,20,5,21,11,21,,
329,Estonia,Belgium,13,18,17,4,12,14,19,,
330,Estonia,Czech Republic,18,23,5,13,19,17,25,,
331,Estonia,The Netherlands,8,4,4,7,13,5,12,6.0,
332,Estonia,Azerbaijan,14,15,20,21,18,19,18,,
333,Estonia,Hungary,19,2,19,26,11,16,11,,
334,Estonia,Italy,10,6,10,24,9,11,13,,
335,Estonia,Israel,25,21,18,25,14,24,22,,
336,Estonia,Bulgaria,20,17,24,17,21,22,14,,
337,Estonia,Sweden,2,3,1,1,1,1,2,12.0,10.0
338,Estonia,Germany,21,20,25,16,22,25,23,,
339,Estonia,France,17,1,9,15,15,10,9,1.0,2.0
340,Estonia,Poland,22,9,23,22,23,23,10,,1.0
341,Estonia,Australia,3,11,2,5,7,2,7,10.0,4.0
342,Estonia,Cyprus,12,5,13,19,6,7,8,4.0,3.0
343,Estonia,Serbia,26,24,26,20,24,26,26,,
344,Estonia,Lithuania,7,14,8,9,2,6,6,5.0,5.0
345,Estonia,Croatia,11,19,16,12,5,13,24,,
346,Estonia,Russia,16,10,11,18,26,18,1,,12.0
347,Estonia,Spain,24,25,15,14,10,20,17,,
348,Estonia,Latvia,4,7,7,8,4,3,4,8.0,7.0
349,Estonia,Ukraine,1,8,3,3,20,4,3,7.0,8.0
350,Estonia,Malta,6,22,6,6,17,9,20,2.0,
351,Estonia,Georgia,23,26,22,2,3,15,15,,
352,Estonia,Austria,9,16,21,23,25,21,5,,6.0
353,Estonia,United Kingdom,5,13,12,10,16,8,21,3.0,
354,Estonia,Armenia,15,12,14,11,8,12,16,,
355,F.Y.R. Macedonia,Belgium,19,7,11,4,13,7,7,4.0,4.0
356,F.Y.R. Macedonia,Czech Republic,20,15,10,11,18,17,25,,
357,F.Y.R. Macedonia,The Netherlands,5,8,24,2,24,9,19,2.0,
358,F.Y.R. Macedonia,Azerbaijan,21,16,8,12,10,10,24,1.0,
359,F.Y.R. Macedonia,Hungary,22,24,12,13,8,20,14,,
360,F.Y.R. Macedonia,Italy,11,17,21,14,21,22,10,,1.0
361,F.Y.R. Macedonia,Israel,14,6,7,15,12,6,16,5.0,
362,F.Y.R. Macedonia,Bulgaria,6,4,4,3,7,2,2,10.0,10.0
363,F.Y.R. Macedonia,Sweden,10,13,23,1,22,13,15,,
364,F.Y.R. Macedonia,Germany,18,25,17,16,23,24,23,,
365,F.Y.R. Macedonia,France,12,14,19,17,11,16,11,,
366,F.Y.R. Macedonia,Poland,2,23,9,18,17,12,9,,2.0
367,F.Y.R. Macedonia,Australia,7,3,3,9,3,3,8,8.0,3.0
368,F.Y.R. Macedonia,Cyprus,23,18,25,19,25,25,17,,
369,F.Y.R. Macedonia,Serbia,3,2,2,20,1,4,1,7.0,12.0
370,F.Y.R. Macedonia,Lithuania,24,22,5,21,5,19,18,,
371,F.Y.R. Macedonia,Croatia,9,11,6,7,14,5,6,6.0,5.0
372,F.Y.R. Macedonia,Russia,1,9,18,22,19,11,3,,8.0
373,F.Y.R. Macedonia,Spain,13,21,20,6,9,14,20,,
374,F.Y.R. Macedonia,Latvia,17,5,22,10,6,8,13,3.0,
375,F.Y.R. Macedonia,Ukraine,4,1,1,5,2,1,5,12.0,6.0
376,F.Y.R. Macedonia,Malta,25,19,14,23,15,23,21,,
377,F.Y.R. Macedonia,Georgia,26,20,26,24,26,26,26,,
378,F.Y.R. Macedonia,Austria,8,10,13,25,20,18,12,,
379,F.Y.R. Macedonia,United Kingdom,15,26,16,8,16,21,22,,
380,F.Y.R. Macedonia,Armenia,16,12,15,26,4,15,4,,7.0
381,Finland,Belgium,18,22,14,19,17,22,17,,
382,Finland,Czech Republic,14,6,7,16,7,8,22,3.0,
383,Finland,The Netherlands,4,2,8,7,8,2,13,10.0,
384,Finland,Azerbaijan,23,25,16,21,19,23,24,,
385,Finland,Hungary,21,23,21,25,20,25,12,,
386,Finland,Italy,16,11,10,3,12,9,16,2.0,
387,Finland,Israel,12,7,12,4,1,4,14,7.0,
388,Finland,Bulgaria,9,17,17,9,22,15,7,,4.0
389,Finland,Sweden,2,1,3,1,6,1,2,12.0,10.0
390,Finland,Germany,13,19,24,10,14,19,25,,
391,Finland,France,17,20,4,11,3,10,8,1.0,3.0
392,Finland,Poland,10,21,11,22,21,20,6,,5.0
393,Finland,Australia,3,3,15,8,4,3,4,8.0,7.0
394,Finland,Cyprus,24,26,25,24,26,26,10,,1.0
395,Finland,Serbia,22,24,13,26,24,24,26,,
396,Finland,Lithuania,5,14,2,17,2,5,11,6.0,
397,Finland,Croatia,11,15,23,20,10,18,20,,
398,Finland,Russia,26,10,6,18,11,14,3,,8.0
399,Finland,Spain,19,12,1,12,23,12,15,,
400,Finland,Latvia,7,16,26,14,5,13,9,,2.0
401,Finland,Ukraine,8,5,22,6,15,11,1,,12.0
402,Finland,Malta,6,8,5,5,18,6,23,5.0,
403,Finland,Georgia,25,18,9,13,25,21,19,,
404,Finland,Austria,1,4,20,2,16,7,5,4.0,6.0
405,Finland,United Kingdom,20,9,19,15,13,16,21,,
406,Finland,Armenia,15,13,18,23,9,17,18,,
407,France,Belgium,16,19,10,16,5,12,7,,4.0
408,France,Czech Republic,17,11,12,12,14,11,23,,
409,France,The Netherlands,2,6,11,8,3,4,15,7.0,
410,France,Azerbaijan,22,14,13,15,4,14,20,,
411,France,Hungary,21,13,14,21,11,20,14,,
412,France,Italy,1,9,1,1,13,1,11,12.0,
413,France,Israel,9,23,21,2,22,17,8,,3.0
414,France,Bulgaria,3,3,4,6,10,2,6,10.0,5.0
415,France,Sweden,10,1,5,5,12,6,9,5.0,2.0
416,France,Germany,24,7,8,14,17,16,18,,
417,France,Poland,25,22,25,24,20,25,4,,7.0
418,France,Australia,4,4,3,4,15,5,12,6.0,
419,France,Cyprus,14,16,15,17,16,18,13,,
420,France,Serbia,15,21,22,25,24,22,17,,
421,France,Lithuania,19,12,20,11,18,21,19,,
422,France,Croatia,11,18,16,13,9,13,24,,
423,France,Russia,18,10,9,20,6,10,5,1.0,6.0
424,France,Spain,8,5,7,19,2,8,10,3.0,1.0
425,France,Latvia,23,24,19,23,23,23,22,,
426,France,Ukraine,12,2,24,10,21,15,2,,10.0
427,France,Malta,6,17,6,3,8,7,25,4.0,
428,France,Georgia,20,25,23,22,25,24,21,,
429,France,Austria,7,8,2,9,1,3,3,8.0,8.0
430,France,United Kingdom,5,20,18,18,19,19,16,,
431,France,Armenia,13,15,17,7,7,9,1,2.0,12.0
432,Georgia,Belgium,1,3,3,9,4,2,21,10.0,
433,Georgia,Czech Republic,15,10,13,15,14,12,20,,
434,Georgia,The Netherlands,8,19,24,14,9,15,15,,
435,Georgia,Azerbaijan,16,20,12,19,20,21,4,,7.0
436,Georgia,Hungary,7,21,20,20,13,19,9,,2.0
437,Georgia,Italy,9,22,23,4,15,14,14,,
438,Georgia,Israel,18,11,5,11,8,8,19,3.0,
439,Georgia,Bulgaria,24,23,14,22,25,24,8,,3.0
440,Georgia,Sweden,3,13,4,6,2,5,11,6.0,
441,Georgia,Germany,19,14,10,8,12,10,13,1.0,
442,Georgia,France,17,15,8,1,7,7,18,4.0,
443,Georgia,Poland,25,9,11,17,24,20,7,,4.0
444,Georgia,Australia,4,2,2,12,3,3,10,8.0,1.0
445,Georgia,Cyprus,10,17,17,16,17,17,12,,
446,Georgia,Serbia,11,16,16,10,10,11,23,,
447,Georgia,Lithuania,6,8,6,13,6,6,6,5.0,5.0
448,Georgia,Croatia,12,7,21,2,19,9,24,2.0,
449,Georgia,Russia,21,18,19,24,23,23,3,,8.0
450,Georgia,Spain,23,12,22,25,11,22,16,,
451,Georgia,Latvia,5,5,7,5,5,4,5,7.0,6.0
452,Georgia,Ukraine,2,1,1,7,1,1,2,12.0,10.0
453,Georgia,Malta,20,4,18,23,16,18,25,,
454,Georgia,Austria,22,25,25,21,18,25,17,,
455,Georgia,United Kingdom,14,24,9,3,21,13,22,,
456,Georgia,Armenia,13,6,15,18,22,16,1,,12.0
457,Germany,Belgium,2,10,7,7,6,6,17,5.0,
458,Germany,Czech Republic,22,21,21,22,22,22,24,,
459,Germany,The Netherlands,11,6,13,4,4,7,8,4.0,3.0
460,Germany,Azerbaijan,25,22,22,21,25,24,23,,
461,Germany,Hungary,12,13,18,20,17,17,19,,
462,Germany,Italy,13,7,11,8,11,8,10,3.0,1.0
463,Germany,Israel,3,1,1,1,1,1,18,12.0,
464,Germany,Bulgaria,14,11,17,13,19,14,7,,4.0
465,Germany,Sweden,1,4,2,3,2,2,3,10.0,8.0
466,Germany,France,8,19,24,18,18,20,13,,
467,Germany,Poland,18,14,16,19,20,19,2,,10.0
468,Germany,Australia,6,3,5,6,8,5,6,6.0,5.0
469,Germany,Cyprus,20,25,25,24,24,25,11,,
470,Germany,Serbia,16,18,23,25,23,21,21,,
471,Germany,Lithuania,15,9,6,15,12,10,15,1.0,
472,Germany,Croatia,5,12,15,11,16,12,22,,
473,Germany,Russia,23,17,10,16,15,18,1,,12.0
474,Germany,Spain,10,16,9,10,14,11,12,,
475,Germany,Latvia,21,8,8,9,7,9,16,2.0,
476,Germany,Ukraine,4,5,4,5,5,4,5,7.0,6.0
477,Germany,Malta,24,24,20,23,21,23,25,,
478,Germany,Georgia,7,2,3,2,3,3,14,8.0,
479,Germany,Austria,19,20,14,14,10,16,4,,7.0
480,Germany,United Kingdom,17,15,12,17,13,15,20,,
481,Germany,Armenia,9,23,19,12,9,13,9,,2.0
482,Greece,Belgium,19,26,23,26,10,24,13,,
483,Greece,Czech Republic,20,6,24,23,19,18,26,,
484,Greece,The Netherlands,2,20,12,12,18,13,18,,
485,Greece,Azerbaijan,10,7,7,21,9,10,19,1.0,
486,Greece,Hungary,11,4,14,13,8,8,9,3.0,2.0
487,Greece,Italy,12,14,22,24,3,15,11,,
488,Greece,Israel,15,23,21,20,17,22,23,,
489,Greece,Bulgaria,13,8,9,14,13,11,4,,7.0
490,Greece,Sweden,18,19,15,11,26,16,15,,
491,Greece,Germany,22,22,25,25,24,26,24,,
492,Greece,France,8,11,10,2,7,5,7,6.0,4.0
493,Greece,Poland,25,24,26,15,15,25,8,,3.0
494,Greece,Australia,6,5,3,3,14,4,6,7.0,5.0
495,Greece,Cyprus,4,2,5,5,1,3,1,8.0,12.0
496,Greece,Serbia,14,21,17,22,20,19,17,,
497,Greece,Lithuania,23,16,16,16,23,20,20,,
498,Greece,Croatia,24,15,18,18,25,23,25,,
499,Greece,Russia,1,1,1,1,4,1,2,12.0,10.0
500,Greece,Spain,16,17,20,17,21,17,14,,
501,Greece,Latvia,17,18,19,19,22,21,16,,
502,Greece,Ukraine,3,13,13,6,16,9,5,2.0,6.0
503,Greece,Malta,9,9,8,10,6,7,22,4.0,
504,Greece,Georgia,7,10,4,7,12,6,12,5.0,
505,Greece,Austria,26,12,11,8,5,12,10,,1.0
506,Greece,United Kingdom,21,25,6,9,11,14,21,,
507,Greece,Armenia,5,3,2,4,2,2,3,10.0,8.0
508,Hungary,Belgium,20,12,5,24,4,14,14,,
509,Hungary,Czech Republic,7,17,6,21,1,9,18,2.0,
510,Hungary,The Netherlands,6,5,7,16,8,5,9,6.0,2.0
511,Hungary,Azerbaijan,5,13,1,18,5,4,16,7.0,
512,Hungary,Italy,15,20,17,23,15,21,19,,
513,Hungary,Israel,25,18,3,11,9,16,17,,
514,Hungary,Bulgaria,23,14,16,20,20,22,7,,4.0
515,Hungary,Sweden,8,21,4,12,3,7,4,4.0,7.0
516,Hungary,Germany,10,24,9,19,10,17,13,,
517,Hungary,France,14,19,10,22,19,20,10,,1.0
518,Hungary,Poland,24,23,24,25,18,25,3,,8.0
519,Hungary,Australia,4,8,2,1,2,1,8,12.0,3.0
520,Hungary,Cyprus,13,11,11,13,17,15,6,,5.0
521,Hungary,Serbia,19,22,23,17,25,24,24,,
522,Hungary,Lithuania,1,16,8,10,16,8,23,3.0,
523,Hungary,Croatia,17,7,12,14,24,18,21,,
524,Hungary,Russia,12,10,21,8,14,13,2,,10.0
525,Hungary,Spain,9,1,14,9,13,6,15,5.0,
526,Hungary,Latvia,2,9,13,7,6,3,11,8.0,
527,Hungary,Ukraine,18,4,15,6,21,12,1,,12.0
528,Hungary,Malta,3,2,20,3,7,2,20,10.0,
529,Hungary,Georgia,16,15,18,4,11,11,22,,
530,Hungary,Austria,22,25,25,2,23,23,5,,6.0
531,Hungary,United Kingdom,21,6,19,15,22,19,25,,
532,Hungary,Armenia,11,3,22,5,12,10,12,1.0,
533,Iceland,Belgium,12,11,4,12,12,8,8,3.0,3.0
534,Iceland,Czech Republic,9,5,9,9,13,6,24,5.0,
535,Iceland,The Netherlands,3,2,2,3,1,1,5,12.0,6.0
536,Iceland,Azerbaijan,16,12,17,11,16,13,10,,1.0
537,Iceland,Hungary,18,26,10,23,8,18,14,,
538,Iceland,Italy,25,10,18,25,7,19,13,,
539,Iceland,Israel,15,24,6,24,11,16,21,,
540,Iceland,Bulgaria,22,18,14,7,23,17,12,,
541,Iceland,Sweden,1,4,19,4,17,5,1,6.0,12.0
542,Iceland,Germany,24,6,21,19,18,22,23,,
543,Iceland,France,7,14,22,6,5,9,6,2.0,5.0
544,Iceland,Poland,4,23,20,16,6,12,2,,10.0
545,Iceland,Australia,2,1,5,2,2,2,3,10.0,8.0
546,Iceland,Cyprus,19,22,16,22,9,21,16,,
547,Iceland,Serbia,23,17,23,10,26,25,25,,
548,Iceland,Lithuania,10,16,15,21,15,14,7,,4.0
549,Iceland,Croatia,6,8,24,1,4,4,26,7.0,
550,Iceland,Russia,5,3,3,8,19,3,4,8.0,7.0
551,Iceland,Spain,14,21,1,26,24,20,15,,
552,Iceland,Latvia,20,25,26,18,20,26,17,,
553,Iceland,Ukraine,11,20,7,20,21,15,11,,
554,Iceland,Malta,8,7,12,15,3,7,19,4.0,
555,Iceland,Georgia,26,19,25,13,10,24,22,,
556,Iceland,Austria,17,9,8,5,22,10,9,1.0,2.0
557,Iceland,United Kingdom,13,15,11,14,14,11,20,,
558,Iceland,Armenia,21,13,13,17,25,23,18,,
559,Ireland,Belgium,1,1,3,2,5,1,13,12.0,
560,Ireland,Czech Republic,12,15,14,9,11,9,23,2.0,
561,Ireland,The Netherlands,3,3,1,4,16,3,14,8.0,
562,Ireland,Azerbaijan,16,16,13,22,21,19,25,,
563,Ireland,Hungary,18,17,25,19,23,26,15,,
564,Ireland,Italy,5,2,20,5,7,5,16,6.0,
565,Ireland,Israel,2,11,9,13,13,7,18,4.0,
566,Ireland,Bulgaria,10,4,4,3,4,2,6,10.0,5.0
567,Ireland,Sweden,22,5,12,7,2,6,9,5.0,2.0
568,Ireland,Germany,26,14,15,24,10,21,20,,
569,Ireland,France,4,13,7,17,17,8,12,3.0,
570,Ireland,Poland,24,12,26,16,20,24,2,,10.0
571,Ireland,Australia,23,22,2,8,8,12,5,,6.0
572,Ireland,Cyprus,19,8,18,11,25,17,17,,
573,Ireland,Serbia,9,9,19,20,18,16,26,,
574,Ireland,Lithuania,11,26,16,6,14,14,1,,12.0
575,Ireland,Croatia,17,19,10,21,22,20,24,,
576,Ireland,Russia,8,21,17,12,26,18,3,,8.0
577,Ireland,Spain,13,10,23,18,3,13,11,,
578,Ireland,Latvia,15,25,8,14,1,10,4,1.0,7.0
579,Ireland,Ukraine,25,24,5,15,6,15,7,,4.0
580,Ireland,Malta,7,23,22,23,19,22,19,,
581,Ireland,Georgia,20,18,6,10,9,11,22,,
582,Ireland,Austria,21,6,24,26,24,25,10,,1.0
583,Ireland,United Kingdom,6,7,11,1,12,4,8,7.0,3.0
584,Ireland,Armenia,14,20,21,25,15,23,21,,
585,Israel,Belgium,12,6,2,9,1,5,10,6.0,1.0
586,Israel,Czech Republic,19,14,13,10,18,15,24,,
587,Israel,The Netherlands,16,17,22,20,25,24,19,,
588,Israel,Azerbaijan,11,16,9,25,10,14,9,,2.0
589,Israel,Hungary,21,22,24,12,9,18,15,,
590,Israel,Italy,10,8,25,6,11,11,13,,
591,Israel,Bulgaria,7,5,7,5,6,4,4,7.0,7.0
592,Israel,Sweden,14,24,21,22,19,23,17,,
593,Israel,Germany,15,15,19,21,22,19,22,,
594,Israel,France,4,9,3,3,3,3,1,8.0,12.0
595,Israel,Poland,8,23,12,15,21,16,7,,4.0
596,Israel,Australia,3,4,1,1,8,2,6,10.0,5.0
597,Israel,Cyprus,25,19,23,23,17,25,12,,
598,Israel,Serbia,23,18,16,24,12,21,21,,
599,Israel,Lithuania,18,7,11,4,16,10,11,1.0,
600,Israel,Croatia,2,21,15,8,7,8,23,3.0,
601,Israel,Russia,5,20,17,7,20,13,2,,10.0
602,Israel,Spain,6,12,8,14,13,7,14,4.0,
603,Israel,Latvia,9,3,4,11,4,6,16,5.0,
604,Israel,Ukraine,1,1,5,2,2,1,3,12.0,8.0
605,Israel,Malta,20,13,14,13,24,17,25,,
606,Israel,Georgia,22,10,10,16,5,12,20,,
607,Israel,Austria,24,11,20,17,23,22,8,,3.0
608,Israel,United Kingdom,17,25,18,18,14,20,18,,
609,Israel,Armenia,13,2,6,19,15,9,5,2.0,6.0
610,Italy,Belgium,15,19,7,11,10,11,18,,
611,Italy,Czech Republic,23,18,25,22,13,24,24,,
612,Italy,The Netherlands,14,5,5,10,4,7,19,4.0,
613,Italy,Azerbaijan,22,21,15,21,22,25,23,,
614,Italy,Hungary,21,22,16,13,23,20,15,,
615,Italy,Israel,6,9,6,5,1,3,17,8.0,
616,Italy,Bulgaria,9,15,17,18,15,14,4,,7.0
617,Italy,Sweden,24,4,11,6,5,9,16,2.0,
618,Italy,Germany,10,11,12,19,24,15,21,,
619,Italy,France,1,1,18,2,6,4,6,7.0,5.0
620,Italy,Poland,20,14,24,25,11,19,2,,10.0
621,Italy,Australia,3,8,8,9,2,5,11,6.0,
622,Italy,Cyprus,16,23,3,8,8,10,5,1.0,6.0
623,Italy,Serbia,13,20,20,23,21,21,7,,4.0
624,Italy,Lithuania,17,24,14,16,7,16,9,,2.0
625,Italy,Croatia,8,13,21,12,25,17,22,,
626,Italy,Russia,25,3,23,17,12,18,3,,8.0
627,Italy,Spain,5,6,1,1,9,1,13,12.0,
628,Italy,Latvia,11,12,9,20,14,13,14,,
629,Italy,Ukraine,4,7,4,7,3,2,1,10.0,12.0
630,Italy,Malta,2,2,10,3,18,6,20,5.0,
631,Italy,Georgia,7,16,2,4,20,8,8,3.0,3.0
632,Italy,Austria,19,25,22,15,17,23,12,,
633,Italy,United Kingdom,12,10,13,14,16,12,25,,
634,Italy,Armenia,18,17,19,24,19,22,10,,1.0
635,Latvia,Belgium,25,5,19,17,10,14,15,,
636,Latvia,Czech Republic,12,15,21,15,17,18,24,,
637,Latvia,The Netherlands,5,12,16,10,6,8,16,3.0,
638,Latvia,Azerbaijan,10,20,24,19,21,22,8,,3.0
639,Latvia,Hungary,11,19,14,18,25,20,13,,
640,Latvia,Italy,17,16,17,23,12,19,19,,
641,Latvia,Israel,8,11,13,11,7,9,20,2.0,
642,Latvia,Bulgaria,22,9,12,6,3,10,10,1.0,1.0
643,Latvia,Sweden,3,4,2,3,8,3,4,8.0,7.0
644,Latvia,Germany,23,25,23,22,24,25,18,,
645,Latvia,France,18,14,18,20,19,21,11,,
646,Latvia,Poland,20,24,25,25,15,24,6,,5.0
647,Latvia,Australia,7,6,10,16,5,6,5,5.0,6.0
648,Latvia,Cyprus,13,18,20,12,13,15,12,,
649,Latvia,Serbia,9,23,11,8,23,13,25,,
650,Latvia,Lithuania,6,2,3,2,1,2,3,10.0,8.0
651,Latvia,Croatia,19,22,9,5,22,16,22,,
652,Latvia,Russia,4,8,5,14,2,4,1,7.0,12.0
653,Latvia,Spain,24,10,4,21,9,12,17,,
654,Latvia,Ukraine,2,1,1,1,4,1,2,12.0,10.0
655,Latvia,Malta,14,7,6,7,14,7,23,4.0,
656,Latvia,Georgia,21,3,7,4,20,11,9,,2.0
657,Latvia,Austria,16,21,22,24,16,23,7,,4.0
658,Latvia,United Kingdom,15,17,15,13,18,17,21,,
659,Latvia,Armenia,1,13,8,9,11,5,14,6.0,
660,Lithuania,Belgium,7,7,6,7,4,6,13,5.0,
661,Lithuania,Czech Republic,8,15,24,18,15,17,24,,
662,Lithuania,The Netherlands,22,16,10,17,13,15,17,,
663,Lithuania,Azerbaijan,11,24,23,19,9,20,18,,
664,Lithuania,Hungary,23,11,8,20,23,19,9,,2.0
665,Lithuania,Italy,13,8,15,21,6,11,15,,
666,Lithuania,Israel,5,6,5,6,7,5,19,6.0,
667,Lithuania,Bulgaria,9,12,22,8,8,9,11,2.0,
668,Lithuania,Sweden,20,9,11,22,16,14,4,,7.0
669,Lithuania,Germany,16,13,12,15,11,12,21,,
670,Lithuania,France,14,20,13,5,10,10,8,1.0,3.0
671,Lithuania,Poland,6,19,9,11,14,8,5,3.0,6.0
672,Lithuania,Australia,1,2,2,1,1,1,6,12.0,5.0
673,Lithuania,Cyprus,24,21,14,23,24,24,14,,
674,Lithuania,Serbia,17,14,21,16,12,18,25,,
675,Lithuania,Croatia,18,22,16,12,25,22,23,,
676,Lithuania,Russia,25,25,25,25,22,25,3,,8.0
677,Lithuania,Spain,15,18,17,9,21,16,16,,
678,Lithuania,Latvia,4,3,4,3,5,4,1,7.0,12.0
679,Lithuania,Ukraine,3,1,3,4,2,3,2,8.0,10.0
680,Lithuania,Malta,12,10,18,13,20,13,22,,
681,Lithuania,Georgia,2,4,1,2,3,2,7,10.0,4.0
682,Lithuania,Austria,19,23,19,24,19,23,10,,1.0
683,Lithuania,United Kingdom,21,17,20,14,18,21,20,,
684,Lithuania,Armenia,10,5,7,10,17,7,12,4.0,
685,Malta,Belgium,16,13,17,24,21,20,17,,
686,Malta,Czech Republic,18,16,20,10,17,16,24,,
687,Malta,The Netherlands,13,11,15,25,20,17,8,,3.0
688,Malta,Azerbaijan,20,9,21,19,8,11,5,,6.0
689,Malta,Hungary,19,15,12,16,19,14,6,,5.0
690,Malta,Italy,5,4,4,3,5,3,4,8.0,7.0
691,Malta,Israel,10,14,8,12,11,10,18,1.0,
692,Malta,Bulgaria,1,5,6,1,7,2,3,10.0,8.0
693,Malta,Sweden,11,12,22,22,18,18,11,,
694,Malta,Germany,24,17,16,17,25,22,22,,
695,Malta,France,4,7,1,8,4,5,9,6.0,2.0
696,Malta,Poland,25,21,24,18,24,25,13,,
697,Malta,Australia,6,10,9,7,6,8,1,3.0,12.0
698,Malta,Cyprus,12,3,7,2,2,6,12,5.0,
699,Malta,Serbia,15,19,23,15,16,19,21,,
700,Malta,Lithuania,14,22,14,20,9,13,16,,
701,Malta,Croatia,21,18,25,21,15,23,25,,
702,Malta,Russia,3,8,5,5,13,7,2,4.0,10.0
703,Malta,Spain,9,6,10,9,10,9,20,2.0,
704,Malta,Latvia,22,20,13,14,12,15,19,,
705,Malta,Ukraine,23,25,18,23,14,24,7,,4.0
706,Malta,Georgia,17,24,19,11,22,21,23,,
707,Malta,Austria,7,23,11,13,23,12,15,,
708,Malta,United Kingdom,2,1,2,4,1,1,10,12.0,1.0
709,Malta,Armenia,8,2,3,6,3,4,14,7.0,
710,Moldova,Belgium,22,8,16,16,19,16,15,,
711,Moldova,Czech Republic,13,26,6,6,12,12,26,,
712,Moldova,The Netherlands,18,11,19,22,20,19,25,,
713,Moldova,Azerbaijan,19,25,26,25,24,26,3,,8.0
714,Moldova,Hungary,14,17,24,21,16,21,11,,
715,Moldova,Italy,8,22,20,20,21,20,13,,
716,Moldova,Israel,9,18,18,19,15,15,21,,
717,Moldova,Bulgaria,24,21,23,14,22,23,9,,2.0
718,Moldova,Sweden,4,9,5,5,7,5,12,6.0,
719,Moldova,Germany,20,24,13,23,23,22,18,,
720,Moldova,France,23,7,14,24,17,17,5,,6.0
721,Moldova,Poland,21,20,22,26,18,24,14,,
722,Moldova,Australia,1,2,1,3,3,2,6,10.0,5.0
723,Moldova,Cyprus,16,12,11,7,5,9,16,2.0,
724,Moldova,Serbia,25,13,4,15,10,13,22,,
725,Moldova,Lithuania,6,6,12,8,11,7,8,4.0,3.0
726,Moldova,Croatia,15,15,15,2,8,10,24,1.0,
727,Moldova,Russia,3,3,10,9,4,4,1,7.0,12.0
728,Moldova,Spain,12,4,3,4,6,3,17,8.0,
729,Moldova,Latvia,17,16,21,10,14,14,10,,1.0
730,Moldova,Ukraine,2,1,2,1,1,1,2,12.0,10.0
731,Moldova,Malta,7,10,9,13,9,8,19,3.0,
732,Moldova,Georgia,26,23,25,12,26,25,23,,
733,Moldova,Austria,11,19,17,17,25,18,7,,4.0
734,Moldova,United Kingdom,10,14,7,18,13,11,20,,
735,Moldova,Armenia,5,5,8,11,2,6,4,5.0,7.0
736,Montenegro,Belgium,22,5,11,11,5,8,16,3.0,
737,Montenegro,Czech Republic,16,19,14,14,18,16,26,,
738,Montenegro,The Netherlands,18,8,26,21,20,22,23,,
739,Montenegro,Azerbaijan,6,22,13,15,24,15,4,,7.0
740,Montenegro,Hungary,4,7,3,3,14,4,8,7.0,3.0
741,Montenegro,Italy,12,18,25,20,15,20,7,,4.0
742,Montenegro,Israel,11,9,24,18,9,12,20,,
743,Montenegro,Bulgaria,5,11,12,19,11,9,6,2.0,5.0
744,Montenegro,Sweden,26,21,23,26,17,25,15,,
745,Montenegro,Germany,25,25,22,25,25,26,24,,
746,Montenegro,France,15,4,7,8,6,6,10,5.0,1.0
747,Montenegro,Poland,9,20,8,10,12,10,21,1.0,
748,Montenegro,Australia,10,10,6,9,7,7,13,4.0,
749,Montenegro,Cyprus,19,6,21,24,4,13,12,,
750,Montenegro,Serbia,7,12,5,5,8,5,1,6.0,12.0
751,Montenegro,Lithuania,21,17,20,12,16,18,9,,2.0
752,Montenegro,Croatia,13,23,10,6,22,14,5,,6.0
753,Montenegro,Russia,3,3,1,4,2,3,2,8.0,10.0
754,Montenegro,Spain,24,16,19,17,10,19,19,,
755,Montenegro,Latvia,17,24,18,13,23,23,14,,
756,Montenegro,Ukraine,8,15,17,7,19,11,3,,8.0
757,Montenegro,Malta,2,2,2,2,1,1,18,12.0,
758,Montenegro,Georgia,20,13,16,23,21,21,22,,
759,Montenegro,Austria,14,26,9,22,26,24,17,,
760,Montenegro,United Kingdom,23,14,15,16,13,17,25,,
761,Montenegro,Armenia,1,1,4,1,3,2,11,10.0,
762,Norway,Belgium,8,9,1,8,12,6,9,5.0,2.0
763,Norway,Czech Republic,12,11,13,14,5,11,26,,
764,Norway,The Netherlands,4,7,5,2,10,5,11,6.0,
765,Norway,Azerbaijan,14,8,16,18,20,17,22,,
766,Norway,Hungary,26,25,26,26,17,25,17,,
767,Norway,Italy,2,3,2,1,6,1,14,12.0,
768,Norway,Israel,15,5,6,11,15,8,18,3.0,
769,Norway,Bulgaria,1,2,7,15,1,3,6,8.0,5.0
770,Norway,Sweden,13,6,11,12,14,12,4,,7.0
771,Norway,Germany,23,20,23,23,22,23,19,,
772,Norway,France,11,12,21,6,19,14,10,,1.0
773,Norway,Poland,3,13,15,17,7,10,2,1.0,10.0
774,Norway,Australia,5,10,3,3,4,2,3,10.0,8.0
775,Norway,Cyprus,22,23,24,25,25,24,15,,
776,Norway,Serbia,24,19,20,24,18,22,23,,
777,Norway,Lithuania,6,17,4,4,24,9,1,2.0,12.0
778,Norway,Croatia,18,18,18,13,8,16,25,,
779,Norway,Russia,19,1,17,10,11,13,5,,6.0
780,Norway,Spain,7,4,9,5,3,4,13,7.0,
781,Norway,Latvia,17,15,19,19,16,19,8,,3.0
782,Norway,Ukraine,9,21,10,9,2,7,7,4.0,4.0
783,Norway,Malta,16,16,14,21,23,21,24,,
784,Norway,Georgia,20,24,12,22,9,20,20,,
785,Norway,Austria,21,14,22,7,21,18,12,,
786,Norway,United Kingdom,10,22,8,16,13,15,16,,
787,Norway,Armenia,25,26,25,20,26,26,21,,
788,Poland,Belgium,11,14,17,9,21,16,14,,
789,Poland,Czech Republic,5,11,21,10,7,7,19,4.0,
790,Poland,The Netherlands,10,22,15,7,22,17,17,,
791,Poland,Azerbaijan,14,20,24,14,20,22,20,,
792,Poland,Hungary,22,19,6,20,10,18,5,,6.0
793,Poland,Italy,17,9,13,17,12,15,16,,
794,Poland,Israel,3,10,8,2,18,4,18,7.0,
795,Poland,Bulgaria,9,18,16,8,6,8,8,3.0,3.0
796,Poland,Sweden,18,4,5,22,15,12,2,,10.0
797,Poland,Germany,23,8,23,21,13,21,21,,
798,Poland,France,13,23,9,12,4,10,15,1.0,
799,Poland,Australia,2,2,4,3,2,2,4,10.0,7.0
800,Poland,Cyprus,25,24,12,24,23,25,10,,1.0
801,Poland,Serbia,20,16,14,16,14,19,25,,
802,Poland,Lithuania,4,7,19,5,24,9,11,2.0,
803,Poland,Croatia,21,17,20,23,16,23,24,,
804,Poland,Russia,19,3,7,18,17,13,3,,8.0
805,Poland,Spain,12,13,3,19,3,6,12,5.0,
806,Poland,Latvia,7,12,10,4,11,5,6,6.0,5.0
807,Poland,Ukraine,1,1,1,1,1,1,1,12.0,12.0
808,Poland,Malta,16,21,22,13,9,20,23,,
809,Poland,Georgia,15,5,2,11,8,3,13,8.0,
810,Poland,Austria,24,6,25,25,25,24,7,,4.0
811,Poland,United Kingdom,6,25,11,6,19,14,22,,
812,Poland,Armenia,8,15,18,15,5,11,9,,2.0
813,Russia,Belgium,22,23,22,4,13,20,22,,
814,Russia,Czech Republic,18,22,5,13,14,14,23,,
815,Russia,The Netherlands,8,5,24,18,15,12,20,,
816,Russia,Azerbaijan,2,2,3,3,1,2,5,10.0,6.0
817,Russia,Hungary,12,15,12,19,2,10,12,1.0,
818,Russia,Italy,20,8,13,8,12,11,14,,
819,Russia,Israel,23,24,25,24,22,25,17,,
820,Russia,Bulgaria,13,16,15,21,19,21,11,,
821,Russia,Sweden,14,17,7,14,20,15,9,,2.0
822,Russia,Germany,15,13,14,15,21,18,21,,
823,Russia,France,5,9,4,10,6,4,8,7.0,3.0
824,Russia,Poland,10,25,23,25,24,23,6,,5.0
825,Russia,Australia,24,6,10,9,8,9,7,2.0,4.0
826,Russia,Cyprus,4,7,11,12,10,7,4,4.0,7.0
827,Russia,Serbia,19,21,20,20,23,22,16,,
828,Russia,Lithuania,11,3,19,22,16,13,18,,
829,Russia,Croatia,17,18,18,11,11,16,24,,
830,Russia,Spain,16,19,6,17,18,17,15,,
831,Russia,Latvia,7,20,9,5,5,8,10,3.0,1.0
832,Russia,Ukraine,25,14,21,23,25,24,2,,10.0
833,Russia,Malta,1,12,2,2,4,3,19,8.0,
834,Russia,Georgia,9,4,16,7,7,6,13,5.0,
835,Russia,Austria,21,11,17,16,17,19,3,,8.0
836,Russia,United Kingdom,6,10,8,6,9,5,25,6.0,
837,Russia,Armenia,3,1,1,1,3,1,1,12.0,12.0
838,San Marino,Belgium,26,12,8,8,21,16,20,,
839,San Marino,Czech Republic,25,5,2,17,22,14,24,,
840,San Marino,The Netherlands,18,2,3,2,23,7,17,4.0,
841,San Marino,Azerbaijan,23,20,15,18,20,24,12,,
842,San Marino,Hungary,10,15,6,16,19,9,10,2.0,1.0
843,San Marino,Italy,9,1,7,1,17,2,13,10.0,
844,San Marino,Israel,12,14,17,15,24,21,21,,
845,San Marino,Bulgaria,16,24,19,3,16,17,8,,3.0
846,San Marino,Sweden,20,22,20,19,15,25,7,,4.0
847,San Marino,Germany,14,19,21,13,25,23,22,,
848,San Marino,France,8,16,22,5,18,13,14,,
849,San Marino,Poland,21,9,23,21,26,26,4,,7.0
850,San Marino,Australia,5,13,24,12,14,12,6,,5.0
851,San Marino,Cyprus,4,6,12,11,13,6,15,5.0,
852,San Marino,Serbia,15,17,26,14,12,22,25,,
853,San Marino,Lithuania,7,26,14,24,11,20,3,,8.0
854,San Marino,Croatia,19,4,18,23,9,15,26,,
855,San Marino,Russia,2,23,4,4,10,4,2,7.0,10.0
856,San Marino,Spain,6,21,9,22,8,11,19,,
857,San Marino,Latvia,24,25,13,9,7,19,5,,6.0
858,San Marino,Ukraine,3,3,1,6,1,1,1,12.0,12.0
859,San Marino,Malta,22,18,10,7,6,8,23,3.0,
860,San Marino,Georgia,1,8,11,20,4,5,18,6.0,
861,San Marino,Austria,13,10,16,25,2,10,11,1.0,
862,San Marino,United Kingdom,11,11,5,10,5,3,16,8.0,
863,San Marino,Armenia,17,7,25,26,3,18,9,,2.0
864,Serbia,Belgium,23,10,10,12,7,13,6,,5.0
865,Serbia,Czech Republic,17,19,17,23,22,21,24,,
866,Serbia,The Netherlands,10,5,9,13,6,6,18,5.0,
867,Serbia,Azerbaijan,11,16,15,22,21,17,21,,
868,Serbia,Hungary,20,21,18,21,20,22,2,,10.0
869,Serbia,Italy,14,12,11,4,19,12,15,,
870,Serbia,Israel,8,2,2,14,5,4,16,7.0,
871,Serbia,Bulgaria,6,14,4,8,14,7,3,4.0,8.0
872,Serbia,Sweden,22,22,24,20,24,25,10,,1.0
873,Serbia,Germany,24,23,19,15,23,23,23,,
874,Serbia,France,19,18,22,16,13,19,12,,
875,Serbia,Poland,9,15,16,9,10,11,13,,
876,Serbia,Australia,3,6,8,7,8,5,5,6.0,6.0
877,Serbia,Cyprus,12,20,23,19,17,20,8,,3.0
878,Serbia,Lithuania,7,8,7,3,2,3,20,8.0,
879,Serbia,Croatia,15,24,13,24,11,18,7,,4.0
880,Serbia,Russia,13,11,6,11,15,10,1,1.0,12.0
881,Serbia,Spain,4,17,20,10,16,15,14,,
882,Serbia,Latvia,16,13,5,17,12,14,19,,
883,Serbia,Ukraine,1,1,3,1,1,1,4,12.0,7.0
884,Serbia,Malta,2,3,1,2,3,2,22,10.0,
885,Serbia,Georgia,25,9,21,5,18,16,17,,
886,Serbia,Austria,18,25,25,18,25,24,11,,
887,Serbia,United Kingdom,5,4,12,25,9,9,25,2.0,
888,Serbia,Armenia,21,7,14,6,4,8,9,3.0,2.0
889,Slovenia,Belgium,7,3,2,3,10,3,11,8.0,
890,Slovenia,Czech Republic,26,22,16,18,17,22,26,,
891,Slovenia,The Netherlands,18,13,7,12,9,10,16,1.0,
892,Slovenia,Azerbaijan,24,24,22,25,19,25,25,,
893,Slovenia,Hungary,4,4,18,13,11,8,14,3.0,
894,Slovenia,Italy,15,15,26,19,25,23,10,,1.0
895,Slovenia,Israel,19,12,14,5,7,9,20,2.0,
896,Slovenia,Bulgaria,2,2,11,1,6,2,9,10.0,2.0
897,Slovenia,Sweden,21,11,10,10,15,15,6,,5.0
898,Slovenia,Germany,25,26,20,26,18,26,23,,
899,Slovenia,France,5,5,15,17,22,13,12,,
900,Slovenia,Poland,20,25,25,20,2,19,7,,4.0
901,Slovenia,Australia,10,7,4,2,14,5,8,6.0,3.0
902,Slovenia,Cyprus,6,18,23,7,5,11,17,,
903,Slovenia,Serbia,12,8,6,9,12,6,1,5.0,12.0
904,Slovenia,Lithuania,11,21,9,24,4,16,13,,
905,Slovenia,Croatia,9,14,12,14,13,12,3,,8.0
906,Slovenia,Russia,17,19,24,16,1,17,2,,10.0
907,Slovenia,Spain,23,20,13,11,24,18,18,,
908,Slovenia,Latvia,1,9,5,4,8,4,15,7.0,
909,Slovenia,Ukraine,3,1,1,6,3,1,4,12.0,7.0
910,Slovenia,Malta,14,23,19,21,23,24,24,,
911,Slovenia,Georgia,8,10,8,15,26,14,21,,
912,Slovenia,Austria,13,16,21,23,21,20,5,,6.0
913,Slovenia,United Kingdom,22,17,17,22,20,21,22,,
914,Slovenia,Armenia,16,6,3,8,16,7,19,4.0,
915,Spain,Belgium,6,18,5,22,21,15,11,,
916,Spain,Czech Republic,17,13,19,11,4,11,23,,
917,Spain,The Netherlands,2,15,10,2,18,8,13,3.0,
918,Spain,Azerbaijan,22,12,6,13,5,9,22,2.0,
919,Spain,Hungary,10,1,2,4,7,2,16,10.0,
920,Spain,Italy,9,10,7,9,6,6,8,5.0,3.0
921,Spain,Israel,18,4,11,10,17,10,19,1.0,
922,Spain,Bulgaria,12,21,16,8,10,12,1,,12.0
923,Spain,Sweden,4,5,17,23,20,14,10,,1.0
924,Spain,Germany,21,20,20,21,22,23,17,,
925,Spain,France,3,11,3,3,12,4,2,7.0,10.0
926,Spain,Poland,23,22,21,19,23,25,6,,5.0
927,Spain,Australia,11,3,4,6,3,3,7,8.0,4.0
928,Spain,Cyprus,20,17,24,12,8,19,14,,
929,Spain,Serbia,16,8,22,20,15,18,25,,
930,Spain,Lithuania,25,24,15,17,9,21,12,,
931,Spain,Croatia,19,16,13,18,13,17,24,,
932,Spain,Russia,14,6,8,14,1,7,3,4.0,8.0
933,Spain,Latvia,8,14,12,15,19,13,18,,
934,Spain,Ukraine,13,19,18,16,16,20,4,,7.0
935,Spain,Malta,5,9,9,5,11,5,21,6.0,
936,Spain,Georgia,7,23,25,25,25,24,20,,
937,Spain,Austria,24,25,14,24,14,22,9,,2.0
938,Spain,United Kingdom,15,7,23,7,24,16,15,,
939,Spain,Armenia,1,2,1,1,2,1,5,12.0,6.0
940,Sweden,Belgium,9,13,9,10,16,11,13,,
941,Sweden,Czech Republic,6,8,11,7,18,8,25,3.0,
942,Sweden,The Netherlands,5,10,12,6,3,6,9,5.0,2.0
943,Sweden,Azerbaijan,12,1,4,2,6,2,24,10.0,
944,Sweden,Hungary,18,14,17,18,19,18,17,,
945,Sweden,Italy,17,23,24,13,15,20,16,,
946,Sweden,Israel,21,16,10,19,5,15,15,,
947,Sweden,Bulgaria,19,7,14,17,4,13,7,,4.0
948,Sweden,Germany,20,25,23,16,20,23,21,,
949,Sweden,France,2,9,5,3,10,3,8,8.0,3.0
950,Sweden,Poland,25,24,25,20,21,25,2,,10.0
951,Sweden,Australia,1,5,1,1,1,1,1,12.0,12.0
952,Sweden,Cyprus,24,22,13,23,12,21,14,,
953,Sweden,Serbia,16,20,19,22,22,22,18,,
954,Sweden,Lithuania,13,18,7,12,2,9,5,2.0,6.0
955,Sweden,Croatia,8,15,18,11,7,12,22,,
956,Sweden,Russia,7,6,8,4,8,5,3,6.0,8.0
957,Sweden,Spain,15,2,2,14,23,10,10,1.0,1.0
958,Sweden,Latvia,14,12,16,25,17,17,11,,
959,Sweden,Ukraine,3,19,20,21,13,16,4,,7.0
960,Sweden,Malta,4,4,3,8,14,4,23,7.0,
961,Sweden,Georgia,23,17,22,24,24,24,20,,
962,Sweden,Austria,10,21,21,5,9,14,6,,5.0
963,Sweden,United Kingdom,22,11,15,15,25,19,19,,
964,Sweden,Armenia,11,3,6,9,11,7,12,4.0,
965,Switzerland,Belgium,7,1,5,3,5,2,14,10.0,
966,Switzerland,Czech Republic,21,12,8,18,21,16,24,,
967,Switzerland,The Netherlands,5,13,10,6,11,6,12,5.0,
968,Switzerland,Azerbaijan,19,23,9,21,19,20,25,,
969,Switzerland,Hungary,14,25,11,22,25,22,16,,
970,Switzerland,Italy,3,3,20,19,9,9,4,2.0,7.0
971,Switzerland,Israel,4,10,2,4,6,3,21,8.0,
972,Switzerland,Bulgaria,13,9,1,20,17,10,13,1.0,
973,Switzerland,Sweden,12,18,12,12,7,11,11,,
974,Switzerland,Germany,15,14,6,23,18,15,3,,8.0
975,Switzerland,France,17,17,16,11,22,18,8,,3.0
976,Switzerland,Poland,24,24,13,24,23,25,6,,5.0
977,Switzerland,Australia,6,2,3,2,1,1,10,12.0,1.0
978,Switzerland,Cyprus,25,22,15,25,20,24,19,,
979,Switzerland,Serbia,18,7,14,10,16,13,1,,12.0
980,Switzerland,Lithuania,2,11,4,9,4,4,18,7.0,
981,Switzerland,Croatia,23,16,22,26,26,26,15,,
982,Switzerland,Russia,8,26,21,13,12,17,5,,6.0
983,Switzerland,Spain,11,20,17,15,8,14,9,,2.0
984,Switzerland,Latvia,20,4,7,7,10,8,20,3.0,
985,Switzerland,Ukraine,10,5,18,1,3,5,7,6.0,4.0
986,Switzerland,Malta,16,21,23,17,15,21,26,,
987,Switzerland,Georgia,26,6,26,16,24,23,23,,
988,Switzerland,Austria,1,15,24,5,2,7,2,4.0,10.0
989,Switzerland,United Kingdom,9,8,19,14,13,12,22,,
990,Switzerland,Armenia,22,19,25,8,14,19,17,,
991,The Netherlands,Belgium,11,13,2,6,17,7,1,4.0,12.0
992,The Netherlands,Czech Republic,24,6,12,7,10,11,24,,
993,The Netherlands,Azerbaijan,12,12,14,15,4,10,23,1.0,
994,The Netherlands,Hungary,23,11,15,10,18,17,13,,
995,The Netherlands,Italy,7,5,7,14,9,5,20,6.0,
996,The Netherlands,Israel,10,4,5,4,16,4,18,7.0,
997,The Netherlands,Bulgaria,22,7,19,23,7,18,10,,1.0
998,The Netherlands,Sweden,5,2,9,1,1,2,9,10.0,2.0
999,The Netherlands,Germany,8,14,20,25,12,19,19,,
1000,The Netherlands,France,17,8,6,11,6,6,7,5.0,4.0
1001,The Netherlands,Poland,16,25,24,21,25,25,2,,10.0
1002,The Netherlands,Australia,1,3,1,2,3,1,6,12.0,5.0
1003,The Netherlands,Cyprus,13,23,21,5,14,16,15,,
1004,The Netherlands,Serbia,15,16,16,17,24,20,21,,
1005,The Netherlands,Lithuania,21,21,23,8,21,22,12,,
1006,The Netherlands,Croatia,3,24,10,18,5,12,25,,
1007,The Netherlands,Russia,20,15,8,3,19,13,8,,3.0
1008,The Netherlands,Spain,9,9,17,20,13,14,11,,
1009,The Netherlands,Latvia,2,17,22,19,15,15,17,,
1010,The Netherlands,Ukraine,4,22,11,12,2,8,4,3.0,7.0
1011,The Netherlands,Malta,14,20,13,22,20,21,22,,
1012,The Netherlands,Georgia,19,19,25,16,23,23,16,,
1013,The Netherlands,Austria,6,1,3,13,8,3,5,8.0,6.0
1014,The Netherlands,United Kingdom,25,18,18,24,22,24,14,,
1015,The Netherlands,Armenia,18,10,4,9,11,9,3,2.0,8.0
1016,Ukraine,Belgium,5,3,1,1,1,2,18,10.0,
1017,Ukraine,Czech Republic,15,15,14,12,18,14,21,,
1018,Ukraine,The Netherlands,16,16,13,7,14,12,22,,
1019,Ukraine,Azerbaijan,2,4,3,4,11,4,2,7.0,10.0
1020,Ukraine,Hungary,9,10,5,17,6,9,13,2.0,
1021,Ukraine,Italy,20,23,21,16,21,21,17,,
1022,Ukraine,Israel,3,5,6,3,7,5,16,6.0,
1023,Ukraine,Bulgaria,12,9,10,15,5,10,9,1.0,2.0
1024,Ukraine,Sweden,10,7,9,8,8,7,10,4.0,1.0
1025,Ukraine,Germany,22,24,23,23,24,24,20,,
1026,Ukraine,France,14,11,22,13,10,13,14,,
1027,Ukraine,Poland,6,12,16,9,9,11,3,,8.0
1028,Ukraine,Australia,7,6,8,11,2,6,7,5.0,4.0
1029,Ukraine,Cyprus,23,25,25,25,25,25,11,,
1030,Ukraine,Serbia,17,13,18,14,20,17,25,,
1031,Ukraine,Lithuania,1,1,2,2,3,1,8,12.0,3.0
1032,Ukraine,Croatia,25,22,17,18,22,23,24,,
1033,Ukraine,Russia,21,21,24,24,12,22,1,,12.0
1034,Ukraine,Spain,11,14,12,20,23,16,15,,
1035,Ukraine,Latvia,4,2,4,6,4,3,6,8.0,5.0
1036,Ukraine,Malta,18,17,20,22,19,20,19,,
1037,Ukraine,Georgia,8,8,11,5,15,8,5,3.0,6.0
1038,Ukraine,Austria,19,19,15,19,16,19,12,,
1039,Ukraine,United Kingdom,24,18,19,10,13,18,23,,
1040,Ukraine,Armenia,13,20,7,21,17,15,4,,7.0
1041,United Kingdom,Belgium,14,3,20,10,7,11,14,,
1042,United Kingdom,Czech Republic,12,17,17,15,24,19,22,,
1043,United Kingdom,The Netherlands,8,19,15,8,17,14,12,,
1044,United Kingdom,Azerbaijan,25,23,25,21,22,25,23,,
1045,United Kingdom,Hungary,4,14,23,20,15,16,16,,
1046,United Kingdom,Italy,13,20,18,22,25,22,20,,
1047,United Kingdom,Israel,5,5,14,9,19,8,17,3.0,
1048,United Kingdom,Bulgaria,10,4,21,3,9,6,3,5.0,8.0
1049,United Kingdom,Sweden,24,25,9,25,23,24,10,,1.0
1050,United Kingdom,Germany,19,24,19,23,14,23,21,,
1051,United Kingdom,France,6,10,5,7,11,5,11,6.0,
1052,United Kingdom,Poland,16,21,24,14,8,18,2,,10.0
1053,United Kingdom,Australia,3,6,6,4,12,3,5,8.0,6.0
1054,United Kingdom,Cyprus,1,7,2,11,16,4,9,7.0,2.0
1055,United Kingdom,Serbia,9,11,16,6,10,9,24,2.0,
1056,United Kingdom,Lithuania,7,8,13,19,3,7,1,4.0,12.0
1057,United Kingdom,Croatia,21,12,10,5,6,10,25,1.0,
1058,United Kingdom,Russia,20,16,11,13,2,13,4,,7.0
1059,United Kingdom,Spain,17,18,22,16,21,21,7,,4.0
1060,United Kingdom,Latvia,22,9,4,12,20,15,8,,3.0
1061,United Kingdom,Ukraine,11,1,1,1,5,2,6,10.0,5.0
1062,United Kingdom,Malta,18,13,8,17,4,12,15,,
1063,United Kingdom,Georgia,2,2,3,2,1,1,19,12.0,
1064,United Kingdom,Austria,23,15,12,18,13,17,13,,
1065,United Kingdom,Armenia,15,22,7,24,18,20,18,,
